"FullName","Name","Length","Mode","LastWriteTime"
"D:\CT2\.envs",".envs",,"d-----","20-08-2025 00:36:05"
"D:\CT2\apps","apps",,"d-----","20-08-2025 00:36:05"
"D:\CT2\audit","audit",,"d-----","24-08-2025 02:07:24"
"D:\CT2\build-logs","build-logs",,"d-----","20-08-2025 00:55:37"
"D:\CT2\docs","docs",,"d-----","23-08-2025 00:51:57"
"D:\CT2\evidence-store","evidence-store",,"d-----","22-08-2025 03:06:17"
"D:\CT2\governance-service","governance-service",,"d-----","22-08-2025 03:06:17"
"D:\CT2\infra","infra",,"d-----","20-08-2025 00:36:05"
"D:\CT2\openapi","openapi",,"d-----","20-08-2025 00:41:22"
"D:\CT2\packages","packages",,"d-----","20-08-2025 00:36:05"
"D:\CT2\scripts","scripts",,"d-----","20-08-2025 00:36:06"
"D:\CT2\tests","tests",,"d-----","20-08-2025 00:36:05"
"D:\CT2\xbrl-mapping-service","xbrl-mapping-service",,"d-----","22-08-2025 03:06:17"
"D:\CT2\_trees","_trees",,"d-----","23-08-2025 01:03:11"
"D:\CT2\.editorconfig",".editorconfig","118","-a----","20-08-2025 00:36:05"
"D:\CT2\.gitignore",".gitignore","133","-a----","20-08-2025 00:36:06"
"D:\CT2\docker-compose.build-and-run.yml","docker-compose.build-and-run.yml","936","-a----","22-08-2025 04:41:39"
"D:\CT2\docker-compose.labels.yml","docker-compose.labels.yml","1584","-a----","22-08-2025 02:54:57"
"D:\CT2\docker-compose.override.yml","docker-compose.override.yml","111","-a----","21-08-2025 01:59:54"
"D:\CT2\docker-compose.override.yml.bak","docker-compose.override.yml.bak","3","-a----","21-08-2025 01:47:14"
"D:\CT2\docker-compose.run-dist.yml","docker-compose.run-dist.yml","206","-a----","22-08-2025 04:07:47"
"D:\CT2\docker-compose.sanitize-build-run.yml","docker-compose.sanitize-build-run.yml","2442","-a----","22-08-2025 04:57:04"
"D:\CT2\docker-compose.traefik.override.yml","docker-compose.traefik.override.yml","536","-a----","21-08-2025 04:34:51"
"D:\CT2\docker-compose.traefik.yml","docker-compose.traefik.yml","506","-a----","22-08-2025 03:34:23"
"D:\CT2\docker-compose.tsnode-cjs.yml","docker-compose.tsnode-cjs.yml","695","-a----","22-08-2025 04:13:27"
"D:\CT2\docker-compose.tsnode-hotfix.yml","docker-compose.tsnode-hotfix.yml","924","-a----","22-08-2025 04:04:52"
"D:\CT2\docker-compose.yml","docker-compose.yml","24904","-a----","22-08-2025 03:35:15"
"D:\CT2\merged.yml","merged.yml","71512","-a----","21-08-2025 04:32:35"
"D:\CT2\package.json","package.json","296","-a----","22-08-2025 04:16:10"
"D:\CT2\pnpm-workspace.yaml.bak","pnpm-workspace.yaml.bak","61","-a----","20-08-2025 00:36:06"
"D:\CT2\README.md","README.md","200","-a----","20-08-2025 00:36:05"
"D:\CT2\services-list.txt","services-list.txt","23","-a----","20-08-2025 01:22:00"
"D:\CT2\.envs\dev","dev",,"d-----","20-08-2025 00:36:05"
"D:\CT2\.envs\prod","prod",,"d-----","20-08-2025 00:36:05"
"D:\CT2\.envs\staging","staging",,"d-----","20-08-2025 00:36:05"
"D:\CT2\apps\backend","backend",,"d-----","20-08-2025 01:28:05"
"D:\CT2\apps\frontend","frontend",,"d-----","20-08-2025 00:36:05"
"D:\CT2\apps\backend\gateway","gateway",,"d-----","20-08-2025 00:36:05"
"D:\CT2\apps\backend\services","services",,"d-----","20-08-2025 01:28:05"
"D:\CT2\apps\backend\_archive","_archive",,"d-----","20-08-2025 01:28:05"
"D:\CT2\apps\backend\services\alerts-service","alerts-service",,"d-----","20-08-2025 01:25:32"
"D:\CT2\apps\backend\services\analytics-query-service","analytics-query-service",,"d-----","20-08-2025 01:25:32"
"D:\CT2\apps\backend\services\api-keys-service","api-keys-service",,"d-----","20-08-2025 01:25:32"
"D:\CT2\apps\backend\services\authz-service","authz-service",,"d-----","21-08-2025 02:38:53"
"D:\CT2\apps\backend\services\blockchain-service","blockchain-service",,"d-----","21-08-2025 02:40:06"
"D:\CT2\apps\backend\services\brsr-adapter-service","brsr-adapter-service",,"d-----","21-08-2025 02:40:35"
"D:\CT2\apps\backend\services\carbon-points-rules-service","carbon-points-rules-service",,"d-----","21-08-2025 02:41:04"
"D:\CT2\apps\backend\services\client-service","client-service",,"d-----","20-08-2025 01:25:32"
"D:\CT2\apps\backend\services\compliance-copilot-service","compliance-copilot-service",,"d-----","20-08-2025 01:25:32"
"D:\CT2\apps\backend\services\dashboards-service","dashboards-service",,"d-----","20-08-2025 01:25:32"
"D:\CT2\apps\backend\services\data-import-service","data-import-service",,"d-----","20-08-2025 01:25:32"
"D:\CT2\apps\backend\services\data-quality-service","data-quality-service",,"d-----","23-08-2025 01:33:47"
"D:\CT2\apps\backend\services\data-warehouse-writer-service","data-warehouse-writer-service",,"d-----","20-08-2025 01:25:32"
"D:\CT2\apps\backend\services\device-catalog-service","device-catalog-service",,"d-----","20-08-2025 01:25:32"
"D:\CT2\apps\backend\services\device-ingest-gateway","device-ingest-gateway",,"d-----","20-08-2025 01:25:32"
"D:\CT2\apps\backend\services\emission-factors-service","emission-factors-service",,"d-----","20-08-2025 01:25:32"
"D:\CT2\apps\backend\services\esg-service","esg-service",,"d-----","20-08-2025 02:33:03"
"D:\CT2\apps\backend\services\evidence-store","evidence-store",,"d-----","23-08-2025 01:33:47"
"D:\CT2\apps\backend\services\facility-service","facility-service",,"d-----","20-08-2025 01:25:32"
"D:\CT2\apps\backend\services\file-service","file-service",,"d-----","20-08-2025 01:25:32"
"D:\CT2\apps\backend\services\governance-service","governance-service",,"d-----","22-08-2025 05:10:53"
"D:\CT2\apps\backend\services\ingestion-service","ingestion-service",,"d-----","23-08-2025 01:33:47"
"D:\CT2\apps\backend\services\jobs-service","jobs-service",,"d-----","20-08-2025 01:25:32"
"D:\CT2\apps\backend\services\kpi-calculation-service","kpi-calculation-service",,"d-----","23-08-2025 01:33:47"
"D:\CT2\apps\backend\services\marketplace-service","marketplace-service",,"d-----","20-08-2025 01:25:32"
"D:\CT2\apps\backend\services\materiality-service","materiality-service",,"d-----","20-08-2025 01:25:32"
"D:\CT2\apps\backend\services\notification-service","notification-service",,"d-----","20-08-2025 01:25:32"
"D:\CT2\apps\backend\services\org-service","org-service",,"d-----","20-08-2025 01:25:32"
"D:\CT2\apps\backend\services\payment-service","payment-service",,"d-----","20-08-2025 01:25:32"
"D:\CT2\apps\backend\services\procurement-connector-service","procurement-connector-service",,"d-----","20-08-2025 01:25:32"
"D:\CT2\apps\backend\services\report-compiler-service","report-compiler-service",,"d-----","20-08-2025 02:33:03"
"D:\CT2\apps\backend\services\reporting-service","reporting-service",,"d-----","20-08-2025 01:25:32"
"D:\CT2\apps\backend\services\risk-mapping-service","risk-mapping-service",,"d-----","20-08-2025 01:25:32"
"D:\CT2\apps\backend\services\scheduler-service","scheduler-service",,"d-----","20-08-2025 01:25:32"
"D:\CT2\apps\backend\services\search-index-service","search-index-service",,"d-----","20-08-2025 01:25:32"
"D:\CT2\apps\backend\services\supplier-assessment-service","supplier-assessment-service",,"d-----","20-08-2025 01:25:32"
"D:\CT2\apps\backend\services\supplier-service","supplier-service",,"d-----","20-08-2025 01:25:32"
"D:\CT2\apps\backend\services\time-series-service","time-series-service",,"d-----","23-08-2025 01:33:47"
"D:\CT2\apps\backend\services\user-service","user-service",,"d-----","20-08-2025 01:25:32"
"D:\CT2\apps\backend\services\utility-adapter-service","utility-adapter-service",,"d-----","20-08-2025 01:25:32"
"D:\CT2\apps\backend\services\verification-service","verification-service",,"d-----","20-08-2025 01:25:32"
"D:\CT2\apps\backend\services\wallet-service","wallet-service",,"d-----","20-08-2025 01:25:32"
"D:\CT2\apps\backend\services\xbrl-mapping-service","xbrl-mapping-service",,"d-----","23-08-2025 01:33:47"
"D:\CT2\apps\backend\services\alerts-service\openapi","openapi",,"d-----","20-08-2025 01:25:32"
"D:\CT2\apps\backend\services\alerts-service\src","src",,"d-----","20-08-2025 02:23:57"
"D:\CT2\apps\backend\services\alerts-service\.dockerignore",".dockerignore","36","-a----","20-08-2025 02:30:21"
"D:\CT2\apps\backend\services\alerts-service\.env.example",".env.example","139","-a----","20-08-2025 01:25:32"
"D:\CT2\apps\backend\services\alerts-service\Dockerfile","Dockerfile","170","-a----","21-08-2025 01:10:45"
"D:\CT2\apps\backend\services\alerts-service\package.json","package.json","250","-a----","22-08-2025 04:16:09"
"D:\CT2\apps\backend\services\alerts-service\tsconfig.json","tsconfig.json","220","-a----","22-08-2025 04:16:09"
"D:\CT2\apps\backend\services\alerts-service\openapi\openapi.yaml","openapi.yaml","173","-a----","20-08-2025 01:25:32"
"D:\CT2\apps\backend\services\alerts-service\src\api","api",,"d-----","20-08-2025 01:25:32"
"D:\CT2\apps\backend\services\alerts-service\src\index.ts","index.ts","364","-a----","20-08-2025 01:25:32"
"D:\CT2\apps\backend\services\alerts-service\src\server.ts","server.ts","435","-a----","20-08-2025 02:30:21"
"D:\CT2\apps\backend\services\alerts-service\src\api\routes","routes",,"d-----","20-08-2025 01:25:32"
"D:\CT2\apps\backend\services\analytics-query-service\openapi","openapi",,"d-----","20-08-2025 01:25:32"
"D:\CT2\apps\backend\services\analytics-query-service\src","src",,"d-----","20-08-2025 01:25:32"
"D:\CT2\apps\backend\services\analytics-query-service\.dockerignore",".dockerignore","36","-a----","20-08-2025 02:30:21"
"D:\CT2\apps\backend\services\analytics-query-service\.env.example",".env.example","148","-a----","20-08-2025 01:25:32"
"D:\CT2\apps\backend\services\analytics-query-service\Dockerfile","Dockerfile","171","-a----","20-08-2025 02:30:21"
"D:\CT2\apps\backend\services\analytics-query-service\package.json","package.json","259","-a----","22-08-2025 04:16:09"
"D:\CT2\apps\backend\services\analytics-query-service\tsconfig.json","tsconfig.json","220","-a----","22-08-2025 04:16:09"
"D:\CT2\apps\backend\services\analytics-query-service\openapi\openapi.yaml","openapi.yaml","182","-a----","20-08-2025 01:25:32"
"D:\CT2\apps\backend\services\analytics-query-service\src\api","api",,"d-----","20-08-2025 01:25:32"
"D:\CT2\apps\backend\services\analytics-query-service\src\index.ts","index.ts","364","-a----","20-08-2025 01:25:32"
"D:\CT2\apps\backend\services\analytics-query-service\src\server.ts","server.ts","444","-a----","20-08-2025 02:30:21"
"D:\CT2\apps\backend\services\analytics-query-service\src\api\routes","routes",,"d-----","20-08-2025 01:25:32"
"D:\CT2\apps\backend\services\api-keys-service\openapi","openapi",,"d-----","20-08-2025 01:25:32"
"D:\CT2\apps\backend\services\api-keys-service\src","src",,"d-----","20-08-2025 01:25:32"
"D:\CT2\apps\backend\services\api-keys-service\.dockerignore",".dockerignore","36","-a----","20-08-2025 02:30:21"
"D:\CT2\apps\backend\services\api-keys-service\.env.example",".env.example","141","-a----","20-08-2025 01:25:32"
"D:\CT2\apps\backend\services\api-keys-service\Dockerfile","Dockerfile","171","-a----","20-08-2025 02:30:21"
"D:\CT2\apps\backend\services\api-keys-service\package.json","package.json","252","-a----","22-08-2025 04:16:09"
"D:\CT2\apps\backend\services\api-keys-service\tsconfig.json","tsconfig.json","220","-a----","22-08-2025 04:16:09"
"D:\CT2\apps\backend\services\api-keys-service\openapi\openapi.yaml","openapi.yaml","175","-a----","20-08-2025 01:25:32"
"D:\CT2\apps\backend\services\api-keys-service\src\api","api",,"d-----","20-08-2025 01:25:32"
"D:\CT2\apps\backend\services\api-keys-service\src\index.ts","index.ts","364","-a----","20-08-2025 01:25:32"
"D:\CT2\apps\backend\services\api-keys-service\src\server.ts","server.ts","437","-a----","20-08-2025 02:30:21"
"D:\CT2\apps\backend\services\api-keys-service\src\api\routes","routes",,"d-----","20-08-2025 01:25:32"
"D:\CT2\apps\backend\services\authz-service\openapi","openapi",,"d-----","20-08-2025 01:25:32"
"D:\CT2\apps\backend\services\authz-service\src","src",,"d-----","21-08-2025 02:16:05"
"D:\CT2\apps\backend\services\authz-service\.dockerignore",".dockerignore","89","-a----","20-08-2025 20:44:14"
"D:\CT2\apps\backend\services\authz-service\.env.example",".env.example","138","-a----","20-08-2025 01:25:32"
"D:\CT2\apps\backend\services\authz-service\.npmrc",".npmrc","25","-a----","21-08-2025 02:39:30"
"D:\CT2\apps\backend\services\authz-service\Dockerfile","Dockerfile","557","-a----","21-08-2025 02:46:36"
"D:\CT2\apps\backend\services\authz-service\package.json","package.json","443","-a----","21-08-2025 02:26:09"
"D:\CT2\apps\backend\services\authz-service\README.md","README.md","389","-a----","20-08-2025 20:44:14"
"D:\CT2\apps\backend\services\authz-service\tsconfig.json","tsconfig.json","342","-a----","21-08-2025 02:22:32"
"D:\CT2\apps\backend\services\authz-service\openapi\openapi.yaml","openapi.yaml","172","-a----","20-08-2025 01:25:32"
"D:\CT2\apps\backend\services\authz-service\src\api","api",,"d-----","20-08-2025 01:25:32"
"D:\CT2\apps\backend\services\authz-service\src\app.ts","app.ts","383","-a----","21-08-2025 02:27:23"
"D:\CT2\apps\backend\services\authz-service\src\config.ts","config.ts","418","-a----","21-08-2025 02:26:51"
"D:\CT2\apps\backend\services\authz-service\src\index.ts","index.ts","364","-a----","20-08-2025 01:25:32"
"D:\CT2\apps\backend\services\authz-service\src\routes.ts","routes.ts","473","-a----","21-08-2025 02:27:46"
"D:\CT2\apps\backend\services\authz-service\src\server.ts","server.ts","546","-a----","21-08-2025 02:28:23"
"D:\CT2\apps\backend\services\authz-service\src\api\routes","routes",,"d-----","20-08-2025 01:25:32"
"D:\CT2\apps\backend\services\blockchain-service\openapi","openapi",,"d-----","20-08-2025 01:25:32"
"D:\CT2\apps\backend\services\blockchain-service\src","src",,"d-----","21-08-2025 02:16:05"
"D:\CT2\apps\backend\services\blockchain-service\.dockerignore",".dockerignore","89","-a----","20-08-2025 20:44:14"
"D:\CT2\apps\backend\services\blockchain-service\.env.example",".env.example","143","-a----","20-08-2025 01:25:32"
"D:\CT2\apps\backend\services\blockchain-service\.npmrc",".npmrc","25","-a----","21-08-2025 02:40:15"
"D:\CT2\apps\backend\services\blockchain-service\Dockerfile","Dockerfile","439","-a----","21-08-2025 02:46:36"
"D:\CT2\apps\backend\services\blockchain-service\package.json","package.json","448","-a----","21-08-2025 02:29:08"
"D:\CT2\apps\backend\services\blockchain-service\README.md","README.md","399","-a----","20-08-2025 20:44:14"
"D:\CT2\apps\backend\services\blockchain-service\tsconfig.json","tsconfig.json","349","-a----","20-08-2025 20:44:14"
"D:\CT2\apps\backend\services\blockchain-service\openapi\openapi.yaml","openapi.yaml","177","-a----","20-08-2025 01:25:32"
"D:\CT2\apps\backend\services\blockchain-service\src\api","api",,"d-----","20-08-2025 01:25:32"
"D:\CT2\apps\backend\services\blockchain-service\src\app.ts","app.ts","331","-a----","21-08-2025 02:30:05"
"D:\CT2\apps\backend\services\blockchain-service\src\config.ts","config.ts","423","-a----","21-08-2025 02:29:36"
"D:\CT2\apps\backend\services\blockchain-service\src\index.ts","index.ts","364","-a----","20-08-2025 01:25:32"
"D:\CT2\apps\backend\services\blockchain-service\src\routes.ts","routes.ts","297","-a----","21-08-2025 02:30:35"
"D:\CT2\apps\backend\services\blockchain-service\src\server.ts","server.ts","485","-a----","21-08-2025 02:31:03"
"D:\CT2\apps\backend\services\blockchain-service\src\api\routes","routes",,"d-----","20-08-2025 01:25:32"
"D:\CT2\apps\backend\services\brsr-adapter-service\openapi","openapi",,"d-----","20-08-2025 01:25:32"
"D:\CT2\apps\backend\services\brsr-adapter-service\src","src",,"d-----","21-08-2025 02:16:05"
"D:\CT2\apps\backend\services\brsr-adapter-service\.dockerignore",".dockerignore","89","-a----","20-08-2025 20:44:14"
"D:\CT2\apps\backend\services\brsr-adapter-service\.env.example",".env.example","145","-a----","20-08-2025 01:25:32"
"D:\CT2\apps\backend\services\brsr-adapter-service\.npmrc",".npmrc","25","-a----","21-08-2025 02:40:43"
"D:\CT2\apps\backend\services\brsr-adapter-service\Dockerfile","Dockerfile","439","-a----","21-08-2025 02:46:36"
"D:\CT2\apps\backend\services\brsr-adapter-service\package.json","package.json","450","-a----","21-08-2025 02:31:51"
"D:\CT2\apps\backend\services\brsr-adapter-service\README.md","README.md","403","-a----","20-08-2025 20:44:14"
"D:\CT2\apps\backend\services\brsr-adapter-service\tsconfig.json","tsconfig.json","349","-a----","20-08-2025 20:44:14"
"D:\CT2\apps\backend\services\brsr-adapter-service\openapi\openapi.yaml","openapi.yaml","179","-a----","20-08-2025 01:25:32"
"D:\CT2\apps\backend\services\brsr-adapter-service\src\api","api",,"d-----","20-08-2025 01:25:32"
"D:\CT2\apps\backend\services\brsr-adapter-service\src\app.ts","app.ts","331","-a----","21-08-2025 02:32:45"
"D:\CT2\apps\backend\services\brsr-adapter-service\src\config.ts","config.ts","425","-a----","21-08-2025 02:32:20"
"D:\CT2\apps\backend\services\brsr-adapter-service\src\index.ts","index.ts","364","-a----","20-08-2025 01:25:32"
"D:\CT2\apps\backend\services\brsr-adapter-service\src\routes.ts","routes.ts","299","-a----","21-08-2025 02:33:06"
"D:\CT2\apps\backend\services\brsr-adapter-service\src\server.ts","server.ts","485","-a----","21-08-2025 02:33:29"
"D:\CT2\apps\backend\services\brsr-adapter-service\src\api\routes","routes",,"d-----","20-08-2025 01:25:32"
"D:\CT2\apps\backend\services\carbon-points-rules-service\openapi","openapi",,"d-----","20-08-2025 01:25:32"
"D:\CT2\apps\backend\services\carbon-points-rules-service\src","src",,"d-----","21-08-2025 02:16:05"
"D:\CT2\apps\backend\services\carbon-points-rules-service\.dockerignore",".dockerignore","89","-a----","20-08-2025 20:44:14"
"D:\CT2\apps\backend\services\carbon-points-rules-service\.env.example",".env.example","152","-a----","20-08-2025 01:25:32"
"D:\CT2\apps\backend\services\carbon-points-rules-service\.npmrc",".npmrc","25","-a----","21-08-2025 02:41:11"
"D:\CT2\apps\backend\services\carbon-points-rules-service\Dockerfile","Dockerfile","439","-a----","21-08-2025 02:46:36"
"D:\CT2\apps\backend\services\carbon-points-rules-service\package.json","package.json","457","-a----","21-08-2025 02:34:18"
"D:\CT2\apps\backend\services\carbon-points-rules-service\README.md","README.md","417","-a----","20-08-2025 20:44:14"
"D:\CT2\apps\backend\services\carbon-points-rules-service\tsconfig.json","tsconfig.json","349","-a----","20-08-2025 20:44:14"
"D:\CT2\apps\backend\services\carbon-points-rules-service\openapi\openapi.yaml","openapi.yaml","186","-a----","20-08-2025 01:25:32"
"D:\CT2\apps\backend\services\carbon-points-rules-service\src\api","api",,"d-----","20-08-2025 01:25:32"
"D:\CT2\apps\backend\services\carbon-points-rules-service\src\app.ts","app.ts","331","-a----","21-08-2025 02:35:10"
"D:\CT2\apps\backend\services\carbon-points-rules-service\src\config.ts","config.ts","432","-a----","21-08-2025 02:34:46"
"D:\CT2\apps\backend\services\carbon-points-rules-service\src\index.ts","index.ts","364","-a----","20-08-2025 01:25:32"
"D:\CT2\apps\backend\services\carbon-points-rules-service\src\routes.ts","routes.ts","298","-a----","21-08-2025 02:35:35"
"D:\CT2\apps\backend\services\carbon-points-rules-service\src\server.ts","server.ts","485","-a----","21-08-2025 02:45:45"
"D:\CT2\apps\backend\services\carbon-points-rules-service\src\api\routes","routes",,"d-----","20-08-2025 01:25:32"
"D:\CT2\apps\backend\services\client-service\openapi","openapi",,"d-----","20-08-2025 01:25:32"
"D:\CT2\apps\backend\services\client-service\src","src",,"d-----","20-08-2025 01:25:32"
"D:\CT2\apps\backend\services\client-service\.dockerignore",".dockerignore","36","-a----","20-08-2025 02:30:21"
"D:\CT2\apps\backend\services\client-service\.env.example",".env.example","139","-a----","20-08-2025 01:25:32"
"D:\CT2\apps\backend\services\client-service\Dockerfile","Dockerfile","171","-a----","20-08-2025 02:30:21"
"D:\CT2\apps\backend\services\client-service\package.json","package.json","250","-a----","22-08-2025 04:16:09"
"D:\CT2\apps\backend\services\client-service\tsconfig.json","tsconfig.json","220","-a----","22-08-2025 04:16:09"
"D:\CT2\apps\backend\services\client-service\openapi\openapi.yaml","openapi.yaml","173","-a----","20-08-2025 01:25:32"
"D:\CT2\apps\backend\services\client-service\src\api","api",,"d-----","20-08-2025 01:25:32"
"D:\CT2\apps\backend\services\client-service\src\index.ts","index.ts","364","-a----","20-08-2025 01:25:32"
"D:\CT2\apps\backend\services\client-service\src\server.ts","server.ts","435","-a----","20-08-2025 02:30:21"
"D:\CT2\apps\backend\services\client-service\src\api\routes","routes",,"d-----","20-08-2025 01:25:32"
"D:\CT2\apps\backend\services\compliance-copilot-service\openapi","openapi",,"d-----","20-08-2025 01:25:32"
"D:\CT2\apps\backend\services\compliance-copilot-service\src","src",,"d-----","20-08-2025 01:25:32"
"D:\CT2\apps\backend\services\compliance-copilot-service\.dockerignore",".dockerignore","36","-a----","20-08-2025 02:30:21"
"D:\CT2\apps\backend\services\compliance-copilot-service\.env.example",".env.example","151","-a----","20-08-2025 01:25:32"
"D:\CT2\apps\backend\services\compliance-copilot-service\Dockerfile","Dockerfile","171","-a----","20-08-2025 02:30:21"
"D:\CT2\apps\backend\services\compliance-copilot-service\package.json","package.json","262","-a----","22-08-2025 04:16:09"
"D:\CT2\apps\backend\services\compliance-copilot-service\tsconfig.json","tsconfig.json","220","-a----","22-08-2025 04:16:09"
"D:\CT2\apps\backend\services\compliance-copilot-service\openapi\openapi.yaml","openapi.yaml","185","-a----","20-08-2025 01:25:32"
"D:\CT2\apps\backend\services\compliance-copilot-service\src\api","api",,"d-----","20-08-2025 01:25:32"
"D:\CT2\apps\backend\services\compliance-copilot-service\src\index.ts","index.ts","364","-a----","20-08-2025 01:25:32"
"D:\CT2\apps\backend\services\compliance-copilot-service\src\server.ts","server.ts","447","-a----","20-08-2025 02:30:21"
"D:\CT2\apps\backend\services\compliance-copilot-service\src\api\routes","routes",,"d-----","20-08-2025 01:25:32"
"D:\CT2\apps\backend\services\dashboards-service\openapi","openapi",,"d-----","20-08-2025 01:25:32"
"D:\CT2\apps\backend\services\dashboards-service\src","src",,"d-----","20-08-2025 01:25:32"
"D:\CT2\apps\backend\services\dashboards-service\.dockerignore",".dockerignore","36","-a----","20-08-2025 02:30:21"
"D:\CT2\apps\backend\services\dashboards-service\.env.example",".env.example","143","-a----","20-08-2025 01:25:32"
"D:\CT2\apps\backend\services\dashboards-service\Dockerfile","Dockerfile","171","-a----","20-08-2025 02:30:21"
"D:\CT2\apps\backend\services\dashboards-service\package.json","package.json","254","-a----","22-08-2025 04:16:09"
"D:\CT2\apps\backend\services\dashboards-service\tsconfig.json","tsconfig.json","220","-a----","22-08-2025 04:16:09"
"D:\CT2\apps\backend\services\dashboards-service\openapi\openapi.yaml","openapi.yaml","177","-a----","20-08-2025 01:25:32"
"D:\CT2\apps\backend\services\dashboards-service\src\api","api",,"d-----","20-08-2025 01:25:32"
"D:\CT2\apps\backend\services\dashboards-service\src\index.ts","index.ts","364","-a----","20-08-2025 01:25:32"
"D:\CT2\apps\backend\services\dashboards-service\src\server.ts","server.ts","439","-a----","20-08-2025 02:30:21"
"D:\CT2\apps\backend\services\dashboards-service\src\api\routes","routes",,"d-----","20-08-2025 01:25:32"
"D:\CT2\apps\backend\services\data-import-service\openapi","openapi",,"d-----","20-08-2025 01:25:32"
"D:\CT2\apps\backend\services\data-import-service\src","src",,"d-----","20-08-2025 01:25:32"
"D:\CT2\apps\backend\services\data-import-service\.dockerignore",".dockerignore","36","-a----","20-08-2025 02:30:21"
"D:\CT2\apps\backend\services\data-import-service\.env.example",".env.example","144","-a----","20-08-2025 01:25:32"
"D:\CT2\apps\backend\services\data-import-service\Dockerfile","Dockerfile","171","-a----","20-08-2025 02:30:21"
"D:\CT2\apps\backend\services\data-import-service\package.json","package.json","255","-a----","22-08-2025 04:16:09"
"D:\CT2\apps\backend\services\data-import-service\tsconfig.json","tsconfig.json","220","-a----","22-08-2025 04:16:09"
"D:\CT2\apps\backend\services\data-import-service\openapi\openapi.yaml","openapi.yaml","178","-a----","20-08-2025 01:25:32"
"D:\CT2\apps\backend\services\data-import-service\src\api","api",,"d-----","20-08-2025 01:25:32"
"D:\CT2\apps\backend\services\data-import-service\src\index.ts","index.ts","364","-a----","20-08-2025 01:25:32"
"D:\CT2\apps\backend\services\data-import-service\src\server.ts","server.ts","440","-a----","20-08-2025 02:30:21"
"D:\CT2\apps\backend\services\data-import-service\src\api\routes","routes",,"d-----","20-08-2025 01:25:32"
"D:\CT2\apps\backend\services\data-quality-service\openapi","openapi",,"d-----","20-08-2025 01:25:32"
"D:\CT2\apps\backend\services\data-quality-service\src","src",,"d-----","20-08-2025 01:25:32"
"D:\CT2\apps\backend\services\data-quality-service\.dockerignore",".dockerignore","36","-a----","20-08-2025 02:30:21"
"D:\CT2\apps\backend\services\data-quality-service\.env.example",".env.example","145","-a----","20-08-2025 01:25:32"
"D:\CT2\apps\backend\services\data-quality-service\Dockerfile","Dockerfile","521","-a----","23-08-2025 01:40:04"
"D:\CT2\apps\backend\services\data-quality-service\Dockerfile.bak","Dockerfile.bak","666","-a----","23-08-2025 01:33:47"
"D:\CT2\apps\backend\services\data-quality-service\package.json","package.json","604","-a----","23-08-2025 01:52:40"
"D:\CT2\apps\backend\services\data-quality-service\tsconfig.json","tsconfig.json","220","-a----","22-08-2025 04:16:09"
"D:\CT2\apps\backend\services\data-quality-service\openapi\openapi.yaml","openapi.yaml","179","-a----","20-08-2025 01:25:32"
"D:\CT2\apps\backend\services\data-quality-service\src\api","api",,"d-----","20-08-2025 01:25:32"
"D:\CT2\apps\backend\services\data-quality-service\src\index.ts","index.ts","364","-a----","20-08-2025 01:25:32"
"D:\CT2\apps\backend\services\data-quality-service\src\server.ts","server.ts","441","-a----","20-08-2025 02:30:21"
"D:\CT2\apps\backend\services\data-quality-service\src\api\routes","routes",,"d-----","20-08-2025 01:25:32"
"D:\CT2\apps\backend\services\data-warehouse-writer-service\openapi","openapi",,"d-----","20-08-2025 01:25:32"
"D:\CT2\apps\backend\services\data-warehouse-writer-service\src","src",,"d-----","20-08-2025 01:25:32"
"D:\CT2\apps\backend\services\data-warehouse-writer-service\.dockerignore",".dockerignore","36","-a----","20-08-2025 02:30:21"
"D:\CT2\apps\backend\services\data-warehouse-writer-service\.env.example",".env.example","154","-a----","20-08-2025 01:25:32"
"D:\CT2\apps\backend\services\data-warehouse-writer-service\Dockerfile","Dockerfile","171","-a----","20-08-2025 02:30:21"
"D:\CT2\apps\backend\services\data-warehouse-writer-service\package.json","package.json","265","-a----","22-08-2025 04:16:09"
"D:\CT2\apps\backend\services\data-warehouse-writer-service\tsconfig.json","tsconfig.json","220","-a----","22-08-2025 04:16:09"
"D:\CT2\apps\backend\services\data-warehouse-writer-service\openapi\openapi.yaml","openapi.yaml","188","-a----","20-08-2025 01:25:32"
"D:\CT2\apps\backend\services\data-warehouse-writer-service\src\api","api",,"d-----","20-08-2025 01:25:32"
"D:\CT2\apps\backend\services\data-warehouse-writer-service\src\index.ts","index.ts","364","-a----","20-08-2025 01:25:32"
"D:\CT2\apps\backend\services\data-warehouse-writer-service\src\server.ts","server.ts","450","-a----","20-08-2025 02:30:21"
"D:\CT2\apps\backend\services\data-warehouse-writer-service\src\api\routes","routes",,"d-----","20-08-2025 01:25:32"
"D:\CT2\apps\backend\services\device-catalog-service\openapi","openapi",,"d-----","20-08-2025 01:25:32"
"D:\CT2\apps\backend\services\device-catalog-service\src","src",,"d-----","20-08-2025 01:25:32"
"D:\CT2\apps\backend\services\device-catalog-service\.dockerignore",".dockerignore","36","-a----","20-08-2025 02:30:21"
"D:\CT2\apps\backend\services\device-catalog-service\.env.example",".env.example","147","-a----","20-08-2025 01:25:32"
"D:\CT2\apps\backend\services\device-catalog-service\Dockerfile","Dockerfile","171","-a----","20-08-2025 02:30:21"
"D:\CT2\apps\backend\services\device-catalog-service\package.json","package.json","258","-a----","22-08-2025 04:16:09"
"D:\CT2\apps\backend\services\device-catalog-service\tsconfig.json","tsconfig.json","220","-a----","22-08-2025 04:16:09"
"D:\CT2\apps\backend\services\device-catalog-service\openapi\openapi.yaml","openapi.yaml","181","-a----","20-08-2025 01:25:32"
"D:\CT2\apps\backend\services\device-catalog-service\src\api","api",,"d-----","20-08-2025 01:25:32"
"D:\CT2\apps\backend\services\device-catalog-service\src\index.ts","index.ts","364","-a----","20-08-2025 01:25:32"
"D:\CT2\apps\backend\services\device-catalog-service\src\server.ts","server.ts","443","-a----","20-08-2025 02:30:21"
"D:\CT2\apps\backend\services\device-catalog-service\src\api\routes","routes",,"d-----","20-08-2025 01:25:32"
"D:\CT2\apps\backend\services\device-ingest-gateway\openapi","openapi",,"d-----","20-08-2025 01:25:32"
"D:\CT2\apps\backend\services\device-ingest-gateway\src","src",,"d-----","20-08-2025 01:25:32"
"D:\CT2\apps\backend\services\device-ingest-gateway\.dockerignore",".dockerignore","36","-a----","20-08-2025 02:30:21"
"D:\CT2\apps\backend\services\device-ingest-gateway\.env.example",".env.example","146","-a----","20-08-2025 01:25:32"
"D:\CT2\apps\backend\services\device-ingest-gateway\Dockerfile","Dockerfile","171","-a----","20-08-2025 02:30:21"
"D:\CT2\apps\backend\services\device-ingest-gateway\package.json","package.json","257","-a----","22-08-2025 04:16:09"
"D:\CT2\apps\backend\services\device-ingest-gateway\tsconfig.json","tsconfig.json","220","-a----","22-08-2025 04:16:09"
"D:\CT2\apps\backend\services\device-ingest-gateway\openapi\openapi.yaml","openapi.yaml","180","-a----","20-08-2025 01:25:32"
"D:\CT2\apps\backend\services\device-ingest-gateway\src\api","api",,"d-----","20-08-2025 01:25:32"
"D:\CT2\apps\backend\services\device-ingest-gateway\src\index.ts","index.ts","364","-a----","20-08-2025 01:25:32"
"D:\CT2\apps\backend\services\device-ingest-gateway\src\server.ts","server.ts","442","-a----","20-08-2025 02:30:21"
"D:\CT2\apps\backend\services\device-ingest-gateway\src\api\routes","routes",,"d-----","20-08-2025 01:25:32"
"D:\CT2\apps\backend\services\emission-factors-service\openapi","openapi",,"d-----","20-08-2025 01:25:32"
"D:\CT2\apps\backend\services\emission-factors-service\src","src",,"d-----","20-08-2025 01:25:32"
"D:\CT2\apps\backend\services\emission-factors-service\.dockerignore",".dockerignore","36","-a----","20-08-2025 02:30:21"
"D:\CT2\apps\backend\services\emission-factors-service\.env.example",".env.example","149","-a----","20-08-2025 01:25:32"
"D:\CT2\apps\backend\services\emission-factors-service\Dockerfile","Dockerfile","171","-a----","20-08-2025 02:30:21"
"D:\CT2\apps\backend\services\emission-factors-service\package.json","package.json","260","-a----","22-08-2025 04:16:09"
"D:\CT2\apps\backend\services\emission-factors-service\tsconfig.json","tsconfig.json","220","-a----","22-08-2025 04:16:09"
"D:\CT2\apps\backend\services\emission-factors-service\openapi\openapi.yaml","openapi.yaml","183","-a----","20-08-2025 01:25:32"
"D:\CT2\apps\backend\services\emission-factors-service\src\api","api",,"d-----","20-08-2025 01:25:32"
"D:\CT2\apps\backend\services\emission-factors-service\src\index.ts","index.ts","364","-a----","20-08-2025 01:25:32"
"D:\CT2\apps\backend\services\emission-factors-service\src\server.ts","server.ts","445","-a----","20-08-2025 02:30:21"
"D:\CT2\apps\backend\services\emission-factors-service\src\api\routes","routes",,"d-----","20-08-2025 01:25:32"
"D:\CT2\apps\backend\services\esg-service\openapi","openapi",,"d-----","20-08-2025 01:25:32"
"D:\CT2\apps\backend\services\esg-service\src","src",,"d-----","20-08-2025 02:30:21"
"D:\CT2\apps\backend\services\esg-service\.dockerignore",".dockerignore","36","-a----","20-08-2025 02:33:03"
"D:\CT2\apps\backend\services\esg-service\.env.example",".env.example","136","-a----","20-08-2025 01:25:32"
"D:\CT2\apps\backend\services\esg-service\Dockerfile","Dockerfile","153","-a----","20-08-2025 02:33:03"
"D:\CT2\apps\backend\services\esg-service\package.json","package.json","157","-a----","22-08-2025 04:16:09"
"D:\CT2\apps\backend\services\esg-service\server.mjs","server.mjs","455","-a----","20-08-2025 02:40:32"
"D:\CT2\apps\backend\services\esg-service\tsconfig.json","tsconfig.json","220","-a----","22-08-2025 04:16:09"
"D:\CT2\apps\backend\services\esg-service\openapi\openapi.yaml","openapi.yaml","170","-a----","20-08-2025 01:25:32"
"D:\CT2\apps\backend\services\esg-service\src\api","api",,"d-----","20-08-2025 01:16:43"
"D:\CT2\apps\backend\services\esg-service\src\index.ts","index.ts","364","-a----","20-08-2025 01:16:43"
"D:\CT2\apps\backend\services\esg-service\src\server.ts","server.ts","432","-a----","20-08-2025 02:30:21"
"D:\CT2\apps\backend\services\esg-service\src\api\routes","routes",,"d-----","20-08-2025 01:16:43"
"D:\CT2\apps\backend\services\evidence-store\openapi","openapi",,"d-----","20-08-2025 01:25:32"
"D:\CT2\apps\backend\services\evidence-store\src","src",,"d-----","20-08-2025 01:25:32"
"D:\CT2\apps\backend\services\evidence-store\.dockerignore",".dockerignore","36","-a----","20-08-2025 02:30:21"
"D:\CT2\apps\backend\services\evidence-store\.env.example",".env.example","139","-a----","20-08-2025 01:25:32"
"D:\CT2\apps\backend\services\evidence-store\Dockerfile","Dockerfile","521","-a----","23-08-2025 01:40:04"
"D:\CT2\apps\backend\services\evidence-store\Dockerfile.bak","Dockerfile.bak","666","-a----","23-08-2025 01:33:47"
"D:\CT2\apps\backend\services\evidence-store\package-lock.json","package-lock.json","35309","-a----","22-08-2025 05:10:55"
"D:\CT2\apps\backend\services\evidence-store\package.json","package.json","598","-a----","23-08-2025 01:52:40"
"D:\CT2\apps\backend\services\evidence-store\tsconfig.json","tsconfig.json","220","-a----","22-08-2025 04:16:09"
"D:\CT2\apps\backend\services\evidence-store\openapi\openapi.yaml","openapi.yaml","173","-a----","20-08-2025 01:25:32"
"D:\CT2\apps\backend\services\evidence-store\src\api","api",,"d-----","20-08-2025 01:25:32"
"D:\CT2\apps\backend\services\evidence-store\src\index.ts","index.ts","364","-a----","20-08-2025 01:25:32"
"D:\CT2\apps\backend\services\evidence-store\src\server.ts","server.ts","435","-a----","20-08-2025 02:30:21"
"D:\CT2\apps\backend\services\evidence-store\src\api\routes","routes",,"d-----","20-08-2025 01:25:32"
"D:\CT2\apps\backend\services\facility-service\openapi","openapi",,"d-----","20-08-2025 01:25:32"
"D:\CT2\apps\backend\services\facility-service\src","src",,"d-----","20-08-2025 01:25:32"
"D:\CT2\apps\backend\services\facility-service\.dockerignore",".dockerignore","36","-a----","20-08-2025 02:30:21"
"D:\CT2\apps\backend\services\facility-service\.env.example",".env.example","141","-a----","20-08-2025 01:25:32"
"D:\CT2\apps\backend\services\facility-service\Dockerfile","Dockerfile","171","-a----","20-08-2025 02:30:21"
"D:\CT2\apps\backend\services\facility-service\package.json","package.json","252","-a----","22-08-2025 04:16:09"
"D:\CT2\apps\backend\services\facility-service\tsconfig.json","tsconfig.json","220","-a----","22-08-2025 04:16:09"
"D:\CT2\apps\backend\services\facility-service\openapi\openapi.yaml","openapi.yaml","175","-a----","20-08-2025 01:25:32"
"D:\CT2\apps\backend\services\facility-service\src\api","api",,"d-----","20-08-2025 01:25:32"
"D:\CT2\apps\backend\services\facility-service\src\index.ts","index.ts","364","-a----","20-08-2025 01:25:32"
"D:\CT2\apps\backend\services\facility-service\src\server.ts","server.ts","437","-a----","20-08-2025 02:30:21"
"D:\CT2\apps\backend\services\facility-service\src\api\routes","routes",,"d-----","20-08-2025 01:25:32"
"D:\CT2\apps\backend\services\file-service\openapi","openapi",,"d-----","20-08-2025 01:25:32"
"D:\CT2\apps\backend\services\file-service\src","src",,"d-----","22-08-2025 03:50:30"
"D:\CT2\apps\backend\services\file-service\.dockerignore",".dockerignore","36","-a----","20-08-2025 02:30:21"
"D:\CT2\apps\backend\services\file-service\.env.example",".env.example","137","-a----","20-08-2025 01:25:32"
"D:\CT2\apps\backend\services\file-service\Dockerfile","Dockerfile","171","-a----","20-08-2025 02:30:21"
"D:\CT2\apps\backend\services\file-service\package.json","package.json","359","-a----","22-08-2025 04:16:09"
"D:\CT2\apps\backend\services\file-service\tsconfig.json","tsconfig.json","304","-a----","22-08-2025 04:16:09"
"D:\CT2\apps\backend\services\file-service\openapi\openapi.yaml","openapi.yaml","171","-a----","20-08-2025 01:25:32"
"D:\CT2\apps\backend\services\file-service\src\api","api",,"d-----","20-08-2025 01:25:32"
"D:\CT2\apps\backend\services\file-service\src\app.ts","app.ts","443","-a----","22-08-2025 03:50:56"
"D:\CT2\apps\backend\services\file-service\src\index.ts","index.ts","364","-a----","20-08-2025 01:25:32"
"D:\CT2\apps\backend\services\file-service\src\server.ts","server.ts","287","-a----","22-08-2025 03:51:26"
"D:\CT2\apps\backend\services\file-service\src\api\routes","routes",,"d-----","20-08-2025 01:25:32"
"D:\CT2\apps\backend\services\governance-service\openapi","openapi",,"d-----","20-08-2025 01:25:32"
"D:\CT2\apps\backend\services\governance-service\src","src",,"d-----","20-08-2025 01:25:32"
"D:\CT2\apps\backend\services\governance-service\.dockerignore",".dockerignore","36","-a----","20-08-2025 02:30:21"
"D:\CT2\apps\backend\services\governance-service\.env.example",".env.example","143","-a----","20-08-2025 01:25:32"
"D:\CT2\apps\backend\services\governance-service\Dockerfile","Dockerfile","628","-a----","22-08-2025 05:10:00"
"D:\CT2\apps\backend\services\governance-service\package-lock.json","package-lock.json","35317","-a----","22-08-2025 05:10:53"
"D:\CT2\apps\backend\services\governance-service\package.json","package.json","254","-a----","22-08-2025 04:16:09"
"D:\CT2\apps\backend\services\governance-service\tsconfig.json","tsconfig.json","220","-a----","22-08-2025 04:16:09"
"D:\CT2\apps\backend\services\governance-service\openapi\openapi.yaml","openapi.yaml","177","-a----","20-08-2025 01:25:32"
"D:\CT2\apps\backend\services\governance-service\src\api","api",,"d-----","20-08-2025 01:25:32"
"D:\CT2\apps\backend\services\governance-service\src\index.ts","index.ts","364","-a----","20-08-2025 01:25:32"
"D:\CT2\apps\backend\services\governance-service\src\server.ts","server.ts","439","-a----","20-08-2025 02:30:21"
"D:\CT2\apps\backend\services\governance-service\src\api\routes","routes",,"d-----","20-08-2025 01:25:32"
"D:\CT2\apps\backend\services\ingestion-service\openapi","openapi",,"d-----","20-08-2025 01:25:32"
"D:\CT2\apps\backend\services\ingestion-service\src","src",,"d-----","20-08-2025 01:25:32"
"D:\CT2\apps\backend\services\ingestion-service\.dockerignore",".dockerignore","36","-a----","20-08-2025 02:30:21"
"D:\CT2\apps\backend\services\ingestion-service\.env.example",".env.example","142","-a----","20-08-2025 01:25:32"
"D:\CT2\apps\backend\services\ingestion-service\Dockerfile","Dockerfile","521","-a----","23-08-2025 01:40:04"
"D:\CT2\apps\backend\services\ingestion-service\Dockerfile.bak","Dockerfile.bak","666","-a----","23-08-2025 01:33:47"
"D:\CT2\apps\backend\services\ingestion-service\package.json","package.json","601","-a----","23-08-2025 01:52:40"
"D:\CT2\apps\backend\services\ingestion-service\tsconfig.json","tsconfig.json","220","-a----","22-08-2025 04:16:09"
"D:\CT2\apps\backend\services\ingestion-service\openapi\openapi.yaml","openapi.yaml","176","-a----","20-08-2025 01:25:32"
"D:\CT2\apps\backend\services\ingestion-service\src\api","api",,"d-----","20-08-2025 01:25:32"
"D:\CT2\apps\backend\services\ingestion-service\src\index.ts","index.ts","364","-a----","20-08-2025 01:25:32"
"D:\CT2\apps\backend\services\ingestion-service\src\server.ts","server.ts","438","-a----","20-08-2025 02:30:21"
"D:\CT2\apps\backend\services\ingestion-service\src\api\routes","routes",,"d-----","20-08-2025 01:25:32"
"D:\CT2\apps\backend\services\jobs-service\openapi","openapi",,"d-----","20-08-2025 01:25:32"
"D:\CT2\apps\backend\services\jobs-service\src","src",,"d-----","20-08-2025 01:25:32"
"D:\CT2\apps\backend\services\jobs-service\.dockerignore",".dockerignore","36","-a----","20-08-2025 02:30:21"
"D:\CT2\apps\backend\services\jobs-service\.env.example",".env.example","137","-a----","20-08-2025 01:25:32"
"D:\CT2\apps\backend\services\jobs-service\Dockerfile","Dockerfile","171","-a----","20-08-2025 02:30:21"
"D:\CT2\apps\backend\services\jobs-service\package.json","package.json","248","-a----","22-08-2025 04:16:09"
"D:\CT2\apps\backend\services\jobs-service\tsconfig.json","tsconfig.json","220","-a----","22-08-2025 04:16:09"
"D:\CT2\apps\backend\services\jobs-service\openapi\openapi.yaml","openapi.yaml","171","-a----","20-08-2025 01:25:32"
"D:\CT2\apps\backend\services\jobs-service\src\api","api",,"d-----","20-08-2025 01:25:32"
"D:\CT2\apps\backend\services\jobs-service\src\index.ts","index.ts","364","-a----","20-08-2025 01:25:32"
"D:\CT2\apps\backend\services\jobs-service\src\server.ts","server.ts","433","-a----","20-08-2025 02:30:21"
"D:\CT2\apps\backend\services\jobs-service\src\api\routes","routes",,"d-----","20-08-2025 01:25:32"
"D:\CT2\apps\backend\services\kpi-calculation-service\openapi","openapi",,"d-----","20-08-2025 01:25:32"
"D:\CT2\apps\backend\services\kpi-calculation-service\src","src",,"d-----","20-08-2025 01:25:32"
"D:\CT2\apps\backend\services\kpi-calculation-service\.dockerignore",".dockerignore","36","-a----","20-08-2025 02:30:21"
"D:\CT2\apps\backend\services\kpi-calculation-service\.env.example",".env.example","148","-a----","20-08-2025 01:25:32"
"D:\CT2\apps\backend\services\kpi-calculation-service\Dockerfile","Dockerfile","521","-a----","23-08-2025 01:40:04"
"D:\CT2\apps\backend\services\kpi-calculation-service\Dockerfile.bak","Dockerfile.bak","666","-a----","23-08-2025 01:33:47"
"D:\CT2\apps\backend\services\kpi-calculation-service\package.json","package.json","607","-a----","23-08-2025 01:52:40"
"D:\CT2\apps\backend\services\kpi-calculation-service\tsconfig.json","tsconfig.json","220","-a----","22-08-2025 04:16:09"
"D:\CT2\apps\backend\services\kpi-calculation-service\openapi\openapi.yaml","openapi.yaml","182","-a----","20-08-2025 01:25:32"
"D:\CT2\apps\backend\services\kpi-calculation-service\src\api","api",,"d-----","20-08-2025 01:25:32"
"D:\CT2\apps\backend\services\kpi-calculation-service\src\index.ts","index.ts","364","-a----","20-08-2025 01:25:32"
"D:\CT2\apps\backend\services\kpi-calculation-service\src\server.ts","server.ts","444","-a----","20-08-2025 02:30:21"
"D:\CT2\apps\backend\services\kpi-calculation-service\src\api\routes","routes",,"d-----","20-08-2025 01:25:32"
"D:\CT2\apps\backend\services\marketplace-service\openapi","openapi",,"d-----","20-08-2025 01:25:32"
"D:\CT2\apps\backend\services\marketplace-service\src","src",,"d-----","20-08-2025 01:25:32"
"D:\CT2\apps\backend\services\marketplace-service\.dockerignore",".dockerignore","36","-a----","20-08-2025 02:30:21"
"D:\CT2\apps\backend\services\marketplace-service\.env.example",".env.example","144","-a----","20-08-2025 01:25:32"
"D:\CT2\apps\backend\services\marketplace-service\Dockerfile","Dockerfile","171","-a----","20-08-2025 02:30:21"
"D:\CT2\apps\backend\services\marketplace-service\package.json","package.json","255","-a----","22-08-2025 04:16:09"
"D:\CT2\apps\backend\services\marketplace-service\tsconfig.json","tsconfig.json","220","-a----","22-08-2025 04:16:09"
"D:\CT2\apps\backend\services\marketplace-service\openapi\openapi.yaml","openapi.yaml","178","-a----","20-08-2025 01:25:32"
"D:\CT2\apps\backend\services\marketplace-service\src\api","api",,"d-----","20-08-2025 01:25:32"
"D:\CT2\apps\backend\services\marketplace-service\src\index.ts","index.ts","364","-a----","20-08-2025 01:25:32"
"D:\CT2\apps\backend\services\marketplace-service\src\server.ts","server.ts","440","-a----","20-08-2025 02:30:21"
"D:\CT2\apps\backend\services\marketplace-service\src\api\routes","routes",,"d-----","20-08-2025 01:25:32"
"D:\CT2\apps\backend\services\materiality-service\openapi","openapi",,"d-----","20-08-2025 01:25:32"
"D:\CT2\apps\backend\services\materiality-service\src","src",,"d-----","20-08-2025 01:25:32"
"D:\CT2\apps\backend\services\materiality-service\.dockerignore",".dockerignore","36","-a----","20-08-2025 02:30:21"
"D:\CT2\apps\backend\services\materiality-service\.env.example",".env.example","144","-a----","20-08-2025 01:25:32"
"D:\CT2\apps\backend\services\materiality-service\Dockerfile","Dockerfile","171","-a----","20-08-2025 02:30:21"
"D:\CT2\apps\backend\services\materiality-service\package.json","package.json","255","-a----","22-08-2025 04:16:09"
"D:\CT2\apps\backend\services\materiality-service\tsconfig.json","tsconfig.json","220","-a----","22-08-2025 04:16:09"
"D:\CT2\apps\backend\services\materiality-service\openapi\openapi.yaml","openapi.yaml","178","-a----","20-08-2025 01:25:32"
"D:\CT2\apps\backend\services\materiality-service\src\api","api",,"d-----","20-08-2025 01:25:32"
"D:\CT2\apps\backend\services\materiality-service\src\index.ts","index.ts","364","-a----","20-08-2025 01:25:32"
"D:\CT2\apps\backend\services\materiality-service\src\server.ts","server.ts","440","-a----","20-08-2025 02:30:21"
"D:\CT2\apps\backend\services\materiality-service\src\api\routes","routes",,"d-----","20-08-2025 01:25:32"
"D:\CT2\apps\backend\services\notification-service\openapi","openapi",,"d-----","20-08-2025 01:25:32"
"D:\CT2\apps\backend\services\notification-service\src","src",,"d-----","20-08-2025 01:25:32"
"D:\CT2\apps\backend\services\notification-service\.dockerignore",".dockerignore","36","-a----","20-08-2025 02:30:21"
"D:\CT2\apps\backend\services\notification-service\.env.example",".env.example","145","-a----","20-08-2025 01:25:32"
"D:\CT2\apps\backend\services\notification-service\Dockerfile","Dockerfile","171","-a----","20-08-2025 02:30:21"
"D:\CT2\apps\backend\services\notification-service\package.json","package.json","256","-a----","22-08-2025 04:16:09"
"D:\CT2\apps\backend\services\notification-service\tsconfig.json","tsconfig.json","220","-a----","22-08-2025 04:16:09"
"D:\CT2\apps\backend\services\notification-service\openapi\openapi.yaml","openapi.yaml","179","-a----","20-08-2025 01:25:32"
"D:\CT2\apps\backend\services\notification-service\src\api","api",,"d-----","20-08-2025 01:25:32"
"D:\CT2\apps\backend\services\notification-service\src\index.ts","index.ts","364","-a----","20-08-2025 01:25:32"
"D:\CT2\apps\backend\services\notification-service\src\server.ts","server.ts","441","-a----","20-08-2025 02:30:21"
"D:\CT2\apps\backend\services\notification-service\src\api\routes","routes",,"d-----","20-08-2025 01:25:32"
"D:\CT2\apps\backend\services\org-service\openapi","openapi",,"d-----","20-08-2025 01:25:32"
"D:\CT2\apps\backend\services\org-service\src","src",,"d-----","20-08-2025 01:25:32"
"D:\CT2\apps\backend\services\org-service\.dockerignore",".dockerignore","36","-a----","20-08-2025 02:30:21"
"D:\CT2\apps\backend\services\org-service\.env.example",".env.example","136","-a----","20-08-2025 01:25:32"
"D:\CT2\apps\backend\services\org-service\Dockerfile","Dockerfile","171","-a----","20-08-2025 02:30:21"
"D:\CT2\apps\backend\services\org-service\package.json","package.json","247","-a----","22-08-2025 04:16:09"
"D:\CT2\apps\backend\services\org-service\tsconfig.json","tsconfig.json","220","-a----","22-08-2025 04:16:09"
"D:\CT2\apps\backend\services\org-service\openapi\openapi.yaml","openapi.yaml","170","-a----","20-08-2025 01:25:32"
"D:\CT2\apps\backend\services\org-service\src\api","api",,"d-----","20-08-2025 01:25:32"
"D:\CT2\apps\backend\services\org-service\src\index.ts","index.ts","364","-a----","20-08-2025 01:25:32"
"D:\CT2\apps\backend\services\org-service\src\server.ts","server.ts","432","-a----","20-08-2025 02:30:21"
"D:\CT2\apps\backend\services\org-service\src\api\routes","routes",,"d-----","20-08-2025 01:25:32"
"D:\CT2\apps\backend\services\payment-service\openapi","openapi",,"d-----","20-08-2025 01:25:32"
"D:\CT2\apps\backend\services\payment-service\src","src",,"d-----","20-08-2025 01:25:32"
"D:\CT2\apps\backend\services\payment-service\.dockerignore",".dockerignore","36","-a----","20-08-2025 02:30:21"
"D:\CT2\apps\backend\services\payment-service\.env.example",".env.example","140","-a----","20-08-2025 01:25:32"
"D:\CT2\apps\backend\services\payment-service\Dockerfile","Dockerfile","171","-a----","20-08-2025 02:30:21"
"D:\CT2\apps\backend\services\payment-service\package.json","package.json","251","-a----","22-08-2025 04:16:09"
"D:\CT2\apps\backend\services\payment-service\tsconfig.json","tsconfig.json","220","-a----","22-08-2025 04:16:09"
"D:\CT2\apps\backend\services\payment-service\openapi\openapi.yaml","openapi.yaml","174","-a----","20-08-2025 01:25:32"
"D:\CT2\apps\backend\services\payment-service\src\api","api",,"d-----","20-08-2025 01:25:32"
"D:\CT2\apps\backend\services\payment-service\src\index.ts","index.ts","364","-a----","20-08-2025 01:25:32"
"D:\CT2\apps\backend\services\payment-service\src\server.ts","server.ts","436","-a----","20-08-2025 02:30:21"
"D:\CT2\apps\backend\services\payment-service\src\api\routes","routes",,"d-----","20-08-2025 01:25:32"
"D:\CT2\apps\backend\services\procurement-connector-service\openapi","openapi",,"d-----","20-08-2025 01:25:32"
"D:\CT2\apps\backend\services\procurement-connector-service\src","src",,"d-----","20-08-2025 01:25:32"
"D:\CT2\apps\backend\services\procurement-connector-service\.dockerignore",".dockerignore","36","-a----","20-08-2025 02:30:21"
"D:\CT2\apps\backend\services\procurement-connector-service\.env.example",".env.example","154","-a----","20-08-2025 01:25:32"
"D:\CT2\apps\backend\services\procurement-connector-service\Dockerfile","Dockerfile","171","-a----","20-08-2025 02:30:21"
"D:\CT2\apps\backend\services\procurement-connector-service\package.json","package.json","265","-a----","22-08-2025 04:16:09"
"D:\CT2\apps\backend\services\procurement-connector-service\tsconfig.json","tsconfig.json","220","-a----","22-08-2025 04:16:09"
"D:\CT2\apps\backend\services\procurement-connector-service\openapi\openapi.yaml","openapi.yaml","188","-a----","20-08-2025 01:25:32"
"D:\CT2\apps\backend\services\procurement-connector-service\src\api","api",,"d-----","20-08-2025 01:25:32"
"D:\CT2\apps\backend\services\procurement-connector-service\src\index.ts","index.ts","364","-a----","20-08-2025 01:25:32"
"D:\CT2\apps\backend\services\procurement-connector-service\src\server.ts","server.ts","450","-a----","20-08-2025 02:30:21"
"D:\CT2\apps\backend\services\procurement-connector-service\src\api\routes","routes",,"d-----","20-08-2025 01:25:32"
"D:\CT2\apps\backend\services\report-compiler-service\openapi","openapi",,"d-----","20-08-2025 01:25:32"
"D:\CT2\apps\backend\services\report-compiler-service\src","src",,"d-----","20-08-2025 02:30:21"
"D:\CT2\apps\backend\services\report-compiler-service\.dockerignore",".dockerignore","36","-a----","20-08-2025 02:33:03"
"D:\CT2\apps\backend\services\report-compiler-service\.env.example",".env.example","148","-a----","20-08-2025 01:25:32"
"D:\CT2\apps\backend\services\report-compiler-service\Dockerfile","Dockerfile","153","-a----","20-08-2025 02:33:03"
"D:\CT2\apps\backend\services\report-compiler-service\package.json","package.json","169","-a----","22-08-2025 04:16:09"
"D:\CT2\apps\backend\services\report-compiler-service\server.mjs","server.mjs","467","-a----","20-08-2025 02:40:32"
"D:\CT2\apps\backend\services\report-compiler-service\tsconfig.json","tsconfig.json","220","-a----","22-08-2025 04:16:09"
"D:\CT2\apps\backend\services\report-compiler-service\openapi\openapi.yaml","openapi.yaml","182","-a----","20-08-2025 01:25:32"
"D:\CT2\apps\backend\services\report-compiler-service\src\api","api",,"d-----","20-08-2025 01:25:32"
"D:\CT2\apps\backend\services\report-compiler-service\src\index.ts","index.ts","364","-a----","20-08-2025 01:25:32"
"D:\CT2\apps\backend\services\report-compiler-service\src\server.ts","server.ts","444","-a----","20-08-2025 02:30:21"
"D:\CT2\apps\backend\services\report-compiler-service\src\api\routes","routes",,"d-----","20-08-2025 01:25:32"
"D:\CT2\apps\backend\services\reporting-service\openapi","openapi",,"d-----","20-08-2025 01:25:32"
"D:\CT2\apps\backend\services\reporting-service\src","src",,"d-----","20-08-2025 01:25:32"
"D:\CT2\apps\backend\services\reporting-service\.dockerignore",".dockerignore","36","-a----","20-08-2025 02:30:21"
"D:\CT2\apps\backend\services\reporting-service\.env.example",".env.example","142","-a----","20-08-2025 01:25:32"
"D:\CT2\apps\backend\services\reporting-service\Dockerfile","Dockerfile","171","-a----","20-08-2025 02:30:21"
"D:\CT2\apps\backend\services\reporting-service\package.json","package.json","253","-a----","22-08-2025 04:16:10"
"D:\CT2\apps\backend\services\reporting-service\tsconfig.json","tsconfig.json","220","-a----","22-08-2025 04:16:10"
"D:\CT2\apps\backend\services\reporting-service\openapi\openapi.yaml","openapi.yaml","176","-a----","20-08-2025 01:25:32"
"D:\CT2\apps\backend\services\reporting-service\src\api","api",,"d-----","20-08-2025 01:25:32"
"D:\CT2\apps\backend\services\reporting-service\src\index.ts","index.ts","364","-a----","20-08-2025 01:25:32"
"D:\CT2\apps\backend\services\reporting-service\src\server.ts","server.ts","438","-a----","20-08-2025 02:30:21"
"D:\CT2\apps\backend\services\reporting-service\src\api\routes","routes",,"d-----","20-08-2025 01:25:32"
"D:\CT2\apps\backend\services\risk-mapping-service\openapi","openapi",,"d-----","20-08-2025 01:25:32"
"D:\CT2\apps\backend\services\risk-mapping-service\src","src",,"d-----","20-08-2025 01:25:32"
"D:\CT2\apps\backend\services\risk-mapping-service\.dockerignore",".dockerignore","36","-a----","20-08-2025 02:30:21"
"D:\CT2\apps\backend\services\risk-mapping-service\.env.example",".env.example","145","-a----","20-08-2025 01:25:32"
"D:\CT2\apps\backend\services\risk-mapping-service\Dockerfile","Dockerfile","171","-a----","20-08-2025 02:30:21"
"D:\CT2\apps\backend\services\risk-mapping-service\package.json","package.json","256","-a----","22-08-2025 04:16:10"
"D:\CT2\apps\backend\services\risk-mapping-service\tsconfig.json","tsconfig.json","220","-a----","22-08-2025 04:16:10"
"D:\CT2\apps\backend\services\risk-mapping-service\openapi\openapi.yaml","openapi.yaml","179","-a----","20-08-2025 01:25:32"
"D:\CT2\apps\backend\services\risk-mapping-service\src\api","api",,"d-----","20-08-2025 01:25:32"
"D:\CT2\apps\backend\services\risk-mapping-service\src\index.ts","index.ts","364","-a----","20-08-2025 01:25:32"
"D:\CT2\apps\backend\services\risk-mapping-service\src\server.ts","server.ts","441","-a----","20-08-2025 02:30:21"
"D:\CT2\apps\backend\services\risk-mapping-service\src\api\routes","routes",,"d-----","20-08-2025 01:25:32"
"D:\CT2\apps\backend\services\scheduler-service\openapi","openapi",,"d-----","20-08-2025 01:25:32"
"D:\CT2\apps\backend\services\scheduler-service\src","src",,"d-----","20-08-2025 01:25:32"
"D:\CT2\apps\backend\services\scheduler-service\.dockerignore",".dockerignore","36","-a----","20-08-2025 02:30:21"
"D:\CT2\apps\backend\services\scheduler-service\.env.example",".env.example","142","-a----","20-08-2025 01:25:32"
"D:\CT2\apps\backend\services\scheduler-service\Dockerfile","Dockerfile","171","-a----","20-08-2025 02:30:21"
"D:\CT2\apps\backend\services\scheduler-service\package.json","package.json","253","-a----","22-08-2025 04:16:10"
"D:\CT2\apps\backend\services\scheduler-service\tsconfig.json","tsconfig.json","220","-a----","22-08-2025 04:16:10"
"D:\CT2\apps\backend\services\scheduler-service\openapi\openapi.yaml","openapi.yaml","176","-a----","20-08-2025 01:25:32"
"D:\CT2\apps\backend\services\scheduler-service\src\api","api",,"d-----","20-08-2025 01:25:32"
"D:\CT2\apps\backend\services\scheduler-service\src\index.ts","index.ts","364","-a----","20-08-2025 01:25:32"
"D:\CT2\apps\backend\services\scheduler-service\src\server.ts","server.ts","438","-a----","20-08-2025 02:30:21"
"D:\CT2\apps\backend\services\scheduler-service\src\api\routes","routes",,"d-----","20-08-2025 01:25:32"
"D:\CT2\apps\backend\services\search-index-service\openapi","openapi",,"d-----","20-08-2025 01:25:32"
"D:\CT2\apps\backend\services\search-index-service\src","src",,"d-----","20-08-2025 01:25:32"
"D:\CT2\apps\backend\services\search-index-service\.dockerignore",".dockerignore","36","-a----","20-08-2025 02:30:21"
"D:\CT2\apps\backend\services\search-index-service\.env.example",".env.example","145","-a----","20-08-2025 01:25:32"
"D:\CT2\apps\backend\services\search-index-service\Dockerfile","Dockerfile","171","-a----","20-08-2025 02:30:21"
"D:\CT2\apps\backend\services\search-index-service\package.json","package.json","256","-a----","22-08-2025 04:16:10"
"D:\CT2\apps\backend\services\search-index-service\tsconfig.json","tsconfig.json","220","-a----","22-08-2025 04:16:10"
"D:\CT2\apps\backend\services\search-index-service\openapi\openapi.yaml","openapi.yaml","179","-a----","20-08-2025 01:25:32"
"D:\CT2\apps\backend\services\search-index-service\src\api","api",,"d-----","20-08-2025 01:25:32"
"D:\CT2\apps\backend\services\search-index-service\src\index.ts","index.ts","364","-a----","20-08-2025 01:25:32"
"D:\CT2\apps\backend\services\search-index-service\src\server.ts","server.ts","441","-a----","20-08-2025 02:30:21"
"D:\CT2\apps\backend\services\search-index-service\src\api\routes","routes",,"d-----","20-08-2025 01:25:32"
"D:\CT2\apps\backend\services\supplier-assessment-service\openapi","openapi",,"d-----","20-08-2025 01:25:32"
"D:\CT2\apps\backend\services\supplier-assessment-service\src","src",,"d-----","20-08-2025 01:25:32"
"D:\CT2\apps\backend\services\supplier-assessment-service\.dockerignore",".dockerignore","36","-a----","20-08-2025 02:30:21"
"D:\CT2\apps\backend\services\supplier-assessment-service\.env.example",".env.example","152","-a----","20-08-2025 01:25:32"
"D:\CT2\apps\backend\services\supplier-assessment-service\Dockerfile","Dockerfile","171","-a----","20-08-2025 02:30:21"
"D:\CT2\apps\backend\services\supplier-assessment-service\package.json","package.json","263","-a----","22-08-2025 04:16:10"
"D:\CT2\apps\backend\services\supplier-assessment-service\tsconfig.json","tsconfig.json","220","-a----","22-08-2025 04:16:10"
"D:\CT2\apps\backend\services\supplier-assessment-service\openapi\openapi.yaml","openapi.yaml","186","-a----","20-08-2025 01:25:32"
"D:\CT2\apps\backend\services\supplier-assessment-service\src\api","api",,"d-----","20-08-2025 01:25:32"
"D:\CT2\apps\backend\services\supplier-assessment-service\src\index.ts","index.ts","364","-a----","20-08-2025 01:25:32"
"D:\CT2\apps\backend\services\supplier-assessment-service\src\server.ts","server.ts","448","-a----","20-08-2025 02:30:21"
"D:\CT2\apps\backend\services\supplier-assessment-service\src\api\routes","routes",,"d-----","20-08-2025 01:25:32"
"D:\CT2\apps\backend\services\supplier-service\openapi","openapi",,"d-----","20-08-2025 01:25:32"
"D:\CT2\apps\backend\services\supplier-service\src","src",,"d-----","20-08-2025 01:25:32"
"D:\CT2\apps\backend\services\supplier-service\.dockerignore",".dockerignore","36","-a----","20-08-2025 02:30:21"
"D:\CT2\apps\backend\services\supplier-service\.env.example",".env.example","141","-a----","20-08-2025 01:25:32"
"D:\CT2\apps\backend\services\supplier-service\Dockerfile","Dockerfile","171","-a----","20-08-2025 02:30:21"
"D:\CT2\apps\backend\services\supplier-service\package.json","package.json","252","-a----","22-08-2025 04:16:10"
"D:\CT2\apps\backend\services\supplier-service\tsconfig.json","tsconfig.json","220","-a----","22-08-2025 04:16:10"
"D:\CT2\apps\backend\services\supplier-service\openapi\openapi.yaml","openapi.yaml","175","-a----","20-08-2025 01:25:32"
"D:\CT2\apps\backend\services\supplier-service\src\api","api",,"d-----","20-08-2025 01:25:32"
"D:\CT2\apps\backend\services\supplier-service\src\index.ts","index.ts","364","-a----","20-08-2025 01:25:32"
"D:\CT2\apps\backend\services\supplier-service\src\server.ts","server.ts","437","-a----","20-08-2025 02:30:21"
"D:\CT2\apps\backend\services\supplier-service\src\api\routes","routes",,"d-----","20-08-2025 01:25:32"
"D:\CT2\apps\backend\services\time-series-service\openapi","openapi",,"d-----","20-08-2025 01:25:32"
"D:\CT2\apps\backend\services\time-series-service\src","src",,"d-----","20-08-2025 01:25:32"
"D:\CT2\apps\backend\services\time-series-service\.dockerignore",".dockerignore","36","-a----","20-08-2025 02:30:21"
"D:\CT2\apps\backend\services\time-series-service\.env.example",".env.example","144","-a----","20-08-2025 01:25:32"
"D:\CT2\apps\backend\services\time-series-service\Dockerfile","Dockerfile","521","-a----","23-08-2025 01:40:04"
"D:\CT2\apps\backend\services\time-series-service\Dockerfile.bak","Dockerfile.bak","666","-a----","23-08-2025 01:33:47"
"D:\CT2\apps\backend\services\time-series-service\package.json","package.json","603","-a----","23-08-2025 01:52:40"
"D:\CT2\apps\backend\services\time-series-service\tsconfig.json","tsconfig.json","220","-a----","22-08-2025 04:16:10"
"D:\CT2\apps\backend\services\time-series-service\openapi\openapi.yaml","openapi.yaml","178","-a----","20-08-2025 01:25:32"
"D:\CT2\apps\backend\services\time-series-service\src\api","api",,"d-----","20-08-2025 01:25:32"
"D:\CT2\apps\backend\services\time-series-service\src\index.ts","index.ts","364","-a----","20-08-2025 01:25:32"
"D:\CT2\apps\backend\services\time-series-service\src\server.ts","server.ts","440","-a----","20-08-2025 02:30:21"
"D:\CT2\apps\backend\services\time-series-service\src\api\routes","routes",,"d-----","20-08-2025 01:25:32"
"D:\CT2\apps\backend\services\user-service\openapi","openapi",,"d-----","20-08-2025 01:25:32"
"D:\CT2\apps\backend\services\user-service\src","src",,"d-----","20-08-2025 01:25:32"
"D:\CT2\apps\backend\services\user-service\.dockerignore",".dockerignore","36","-a----","20-08-2025 02:30:21"
"D:\CT2\apps\backend\services\user-service\.env.example",".env.example","137","-a----","20-08-2025 01:25:32"
"D:\CT2\apps\backend\services\user-service\Dockerfile","Dockerfile","171","-a----","20-08-2025 02:30:21"
"D:\CT2\apps\backend\services\user-service\package.json","package.json","248","-a----","22-08-2025 04:16:10"
"D:\CT2\apps\backend\services\user-service\tsconfig.json","tsconfig.json","220","-a----","22-08-2025 04:16:10"
"D:\CT2\apps\backend\services\user-service\openapi\openapi.yaml","openapi.yaml","171","-a----","20-08-2025 01:25:32"
"D:\CT2\apps\backend\services\user-service\src\api","api",,"d-----","20-08-2025 01:25:32"
"D:\CT2\apps\backend\services\user-service\src\index.ts","index.ts","364","-a----","20-08-2025 01:25:32"
"D:\CT2\apps\backend\services\user-service\src\server.ts","server.ts","433","-a----","20-08-2025 02:30:21"
"D:\CT2\apps\backend\services\user-service\src\api\routes","routes",,"d-----","20-08-2025 01:25:32"
"D:\CT2\apps\backend\services\utility-adapter-service\openapi","openapi",,"d-----","20-08-2025 01:25:32"
"D:\CT2\apps\backend\services\utility-adapter-service\src","src",,"d-----","20-08-2025 01:25:32"
"D:\CT2\apps\backend\services\utility-adapter-service\.dockerignore",".dockerignore","36","-a----","20-08-2025 02:30:21"
"D:\CT2\apps\backend\services\utility-adapter-service\.env.example",".env.example","148","-a----","20-08-2025 01:25:32"
"D:\CT2\apps\backend\services\utility-adapter-service\Dockerfile","Dockerfile","171","-a----","20-08-2025 02:30:21"
"D:\CT2\apps\backend\services\utility-adapter-service\package.json","package.json","259","-a----","22-08-2025 04:16:10"
"D:\CT2\apps\backend\services\utility-adapter-service\tsconfig.json","tsconfig.json","220","-a----","22-08-2025 04:16:10"
"D:\CT2\apps\backend\services\utility-adapter-service\openapi\openapi.yaml","openapi.yaml","182","-a----","20-08-2025 01:25:32"
"D:\CT2\apps\backend\services\utility-adapter-service\src\api","api",,"d-----","20-08-2025 01:25:32"
"D:\CT2\apps\backend\services\utility-adapter-service\src\index.ts","index.ts","364","-a----","20-08-2025 01:25:32"
"D:\CT2\apps\backend\services\utility-adapter-service\src\server.ts","server.ts","444","-a----","20-08-2025 02:30:21"
"D:\CT2\apps\backend\services\utility-adapter-service\src\api\routes","routes",,"d-----","20-08-2025 01:25:32"
"D:\CT2\apps\backend\services\verification-service\openapi","openapi",,"d-----","20-08-2025 01:25:32"
"D:\CT2\apps\backend\services\verification-service\src","src",,"d-----","20-08-2025 01:25:32"
"D:\CT2\apps\backend\services\verification-service\.dockerignore",".dockerignore","36","-a----","20-08-2025 02:30:21"
"D:\CT2\apps\backend\services\verification-service\.env.example",".env.example","145","-a----","20-08-2025 01:25:32"
"D:\CT2\apps\backend\services\verification-service\Dockerfile","Dockerfile","171","-a----","20-08-2025 02:30:21"
"D:\CT2\apps\backend\services\verification-service\package.json","package.json","256","-a----","22-08-2025 04:16:10"
"D:\CT2\apps\backend\services\verification-service\tsconfig.json","tsconfig.json","220","-a----","22-08-2025 04:16:10"
"D:\CT2\apps\backend\services\verification-service\openapi\openapi.yaml","openapi.yaml","179","-a----","20-08-2025 01:25:32"
"D:\CT2\apps\backend\services\verification-service\src\api","api",,"d-----","20-08-2025 01:25:32"
"D:\CT2\apps\backend\services\verification-service\src\index.ts","index.ts","364","-a----","20-08-2025 01:25:32"
"D:\CT2\apps\backend\services\verification-service\src\server.ts","server.ts","441","-a----","20-08-2025 02:30:21"
"D:\CT2\apps\backend\services\verification-service\src\api\routes","routes",,"d-----","20-08-2025 01:25:32"
"D:\CT2\apps\backend\services\wallet-service\openapi","openapi",,"d-----","20-08-2025 01:25:32"
"D:\CT2\apps\backend\services\wallet-service\src","src",,"d-----","20-08-2025 01:25:32"
"D:\CT2\apps\backend\services\wallet-service\.dockerignore",".dockerignore","36","-a----","20-08-2025 02:30:21"
"D:\CT2\apps\backend\services\wallet-service\.env.example",".env.example","139","-a----","20-08-2025 01:25:32"
"D:\CT2\apps\backend\services\wallet-service\Dockerfile","Dockerfile","171","-a----","20-08-2025 02:30:21"
"D:\CT2\apps\backend\services\wallet-service\package.json","package.json","250","-a----","22-08-2025 04:16:10"
"D:\CT2\apps\backend\services\wallet-service\tsconfig.json","tsconfig.json","220","-a----","22-08-2025 04:16:10"
"D:\CT2\apps\backend\services\wallet-service\openapi\openapi.yaml","openapi.yaml","173","-a----","20-08-2025 01:25:32"
"D:\CT2\apps\backend\services\wallet-service\src\api","api",,"d-----","20-08-2025 01:25:32"
"D:\CT2\apps\backend\services\wallet-service\src\index.ts","index.ts","364","-a----","20-08-2025 01:25:32"
"D:\CT2\apps\backend\services\wallet-service\src\server.ts","server.ts","435","-a----","20-08-2025 02:30:21"
"D:\CT2\apps\backend\services\wallet-service\src\api\routes","routes",,"d-----","20-08-2025 01:25:32"
"D:\CT2\apps\backend\services\xbrl-mapping-service\openapi","openapi",,"d-----","20-08-2025 01:25:32"
"D:\CT2\apps\backend\services\xbrl-mapping-service\src","src",,"d-----","20-08-2025 01:25:32"
"D:\CT2\apps\backend\services\xbrl-mapping-service\.dockerignore",".dockerignore","36","-a----","20-08-2025 02:30:21"
"D:\CT2\apps\backend\services\xbrl-mapping-service\.env.example",".env.example","145","-a----","20-08-2025 01:25:32"
"D:\CT2\apps\backend\services\xbrl-mapping-service\Dockerfile","Dockerfile","521","-a----","23-08-2025 01:40:04"
"D:\CT2\apps\backend\services\xbrl-mapping-service\Dockerfile.bak","Dockerfile.bak","666","-a----","23-08-2025 01:33:47"
"D:\CT2\apps\backend\services\xbrl-mapping-service\package-lock.json","package-lock.json","35321","-a----","22-08-2025 05:10:50"
"D:\CT2\apps\backend\services\xbrl-mapping-service\package.json","package.json","604","-a----","23-08-2025 01:52:40"
"D:\CT2\apps\backend\services\xbrl-mapping-service\tsconfig.json","tsconfig.json","220","-a----","22-08-2025 04:16:10"
"D:\CT2\apps\backend\services\xbrl-mapping-service\openapi\openapi.yaml","openapi.yaml","179","-a----","20-08-2025 01:25:32"
"D:\CT2\apps\backend\services\xbrl-mapping-service\src\api","api",,"d-----","20-08-2025 01:25:32"
"D:\CT2\apps\backend\services\xbrl-mapping-service\src\index.ts","index.ts","364","-a----","20-08-2025 01:25:32"
"D:\CT2\apps\backend\services\xbrl-mapping-service\src\server.ts","server.ts","441","-a----","20-08-2025 02:30:21"
"D:\CT2\apps\backend\services\xbrl-mapping-service\src\api\routes","routes",,"d-----","20-08-2025 01:25:32"
"D:\CT2\apps\backend\_archive\hello","hello",,"d-----","20-08-2025 00:50:29"
"D:\CT2\apps\backend\_archive\hello\src","src",,"d-----","20-08-2025 00:50:29"
"D:\CT2\apps\backend\_archive\hello\.dockerignore",".dockerignore","60","-a----","20-08-2025 00:55:37"
"D:\CT2\apps\backend\_archive\hello\Dockerfile","Dockerfile","149","-a----","20-08-2025 00:55:37"
"D:\CT2\apps\backend\_archive\hello\package.json","package.json","360","-a----","22-08-2025 04:16:10"
"D:\CT2\apps\backend\_archive\hello\tsconfig.json","tsconfig.json","211","-a----","22-08-2025 04:16:10"
"D:\CT2\apps\backend\_archive\hello\src\index.js","index.js","465","-a----","20-08-2025 00:41:22"
"D:\CT2\apps\backend\_archive\hello\src\index.ts","index.ts","360","-a----","20-08-2025 00:50:29"
"D:\CT2\apps\frontend\admin","admin",,"d-----","20-08-2025 00:36:05"
"D:\CT2\apps\frontend\web","web",,"d-----","20-08-2025 00:36:05"
"D:\CT2\audit\D__COG.flat.csv","D__COG.flat.csv","9124687","-a----","24-08-2025 02:07:24"
"D:\CT2\audit\D__COG.tree.txt","D__COG.tree.txt","3141833","-a----","24-08-2025 02:07:19"
"D:\CT2\audit\D__CT2.flat.csv","D__CT2.flat.csv","0","-a----","24-08-2025 02:07:24"
"D:\CT2\audit\D__CT2.tree.txt","D__CT2.tree.txt","26308","-a----","24-08-2025 02:07:24"
"D:\CT2\docs\CogTechAI_Master_Guide_v1.1.md","CogTechAI_Master_Guide_v1.1.md","19531","-a----","23-08-2025 00:33:45"
"D:\CT2\docs\master-doc.md","master-doc.md","17939","-a----","23-08-2025 00:21:35"
"D:\CT2\docs\MVP_Stages.md","MVP_Stages.md","595","-a----","23-08-2025 00:51:57"
"D:\CT2\evidence-store\src","src",,"d-----","22-08-2025 03:01:43"
"D:\CT2\evidence-store\src.bak-20250822-030509","src.bak-20250822-030509",,"d-----","22-08-2025 03:05:09"
"D:\CT2\evidence-store\src.bak-20250822-030526","src.bak-20250822-030526",,"d-----","22-08-2025 03:05:26"
"D:\CT2\evidence-store\src.bak-20250822-030617","src.bak-20250822-030617",,"d-----","22-08-2025 03:06:17"
"D:\CT2\evidence-store\Dockerfile","Dockerfile","517","-a----","22-08-2025 03:06:17"
"D:\CT2\evidence-store\package.json","package.json","364","-a----","22-08-2025 04:16:10"
"D:\CT2\evidence-store\tsconfig.json","tsconfig.json","268","-a----","22-08-2025 04:16:10"
"D:\CT2\evidence-store\src\app.ts","app.ts","416","-a----","22-08-2025 03:06:17"
"D:\CT2\evidence-store\src\server.ts","server.ts","210","-a----","22-08-2025 03:06:17"
"D:\CT2\evidence-store\src.bak-20250822-030509\app.ts","app.ts","448","-a----","22-08-2025 03:01:43"
"D:\CT2\evidence-store\src.bak-20250822-030509\server.ts","server.ts","210","-a----","22-08-2025 03:01:43"
"D:\CT2\evidence-store\src.bak-20250822-030526\app.ts","app.ts","416","-a----","22-08-2025 03:05:09"
"D:\CT2\evidence-store\src.bak-20250822-030526\server.ts","server.ts","210","-a----","22-08-2025 03:05:09"
"D:\CT2\evidence-store\src.bak-20250822-030617\app.ts","app.ts","416","-a----","22-08-2025 03:05:26"
"D:\CT2\evidence-store\src.bak-20250822-030617\server.ts","server.ts","210","-a----","22-08-2025 03:05:26"
"D:\CT2\governance-service\src","src",,"d-----","22-08-2025 03:01:43"
"D:\CT2\governance-service\src.bak-20250822-030509","src.bak-20250822-030509",,"d-----","22-08-2025 03:05:09"
"D:\CT2\governance-service\src.bak-20250822-030526","src.bak-20250822-030526",,"d-----","22-08-2025 03:05:26"
"D:\CT2\governance-service\src.bak-20250822-030617","src.bak-20250822-030617",,"d-----","22-08-2025 03:06:17"
"D:\CT2\governance-service\Dockerfile","Dockerfile","517","-a----","22-08-2025 03:06:17"
"D:\CT2\governance-service\package.json","package.json","364","-a----","22-08-2025 04:16:10"
"D:\CT2\governance-service\tsconfig.json","tsconfig.json","268","-a----","22-08-2025 04:16:10"
"D:\CT2\governance-service\src\app.ts","app.ts","416","-a----","22-08-2025 03:06:17"
"D:\CT2\governance-service\src\server.ts","server.ts","210","-a----","22-08-2025 03:06:17"
"D:\CT2\governance-service\src.bak-20250822-030509\app.ts","app.ts","448","-a----","22-08-2025 03:01:43"
"D:\CT2\governance-service\src.bak-20250822-030509\server.ts","server.ts","210","-a----","22-08-2025 03:01:43"
"D:\CT2\governance-service\src.bak-20250822-030526\app.ts","app.ts","416","-a----","22-08-2025 03:05:09"
"D:\CT2\governance-service\src.bak-20250822-030526\server.ts","server.ts","210","-a----","22-08-2025 03:05:09"
"D:\CT2\governance-service\src.bak-20250822-030617\app.ts","app.ts","416","-a----","22-08-2025 03:05:26"
"D:\CT2\governance-service\src.bak-20250822-030617\server.ts","server.ts","210","-a----","22-08-2025 03:05:26"
"D:\CT2\infra\docker","docker",,"d-----","20-08-2025 00:36:05"
"D:\CT2\infra\k8s","k8s",,"d-----","20-08-2025 00:36:05"
"D:\CT2\infra\docker\compose","compose",,"d-----","23-08-2025 01:08:35"
"D:\CT2\infra\docker\db","db",,"d-----","20-08-2025 00:36:05"
"D:\CT2\infra\docker\traefik","traefik",,"d-----","20-08-2025 00:41:22"
"D:\CT2\infra\docker\compose\docker-compose.dev.yml","docker-compose.dev.yml","25361","-a----","20-08-2025 03:05:12"
"D:\CT2\infra\docker\compose\docker-compose.stage1.yml","docker-compose.stage1.yml","5135","-a----","23-08-2025 01:19:05"
"D:\CT2\infra\docker\traefik\traefik.yml","traefik.yml","168","-a----","20-08-2025 00:41:22"
"D:\CT2\infra\k8s\base","base",,"d-----","20-08-2025 00:36:05"
"D:\CT2\infra\k8s\overlays","overlays",,"d-----","20-08-2025 00:36:05"
"D:\CT2\infra\k8s\overlays\dev","dev",,"d-----","20-08-2025 00:36:05"
"D:\CT2\infra\k8s\overlays\prod","prod",,"d-----","20-08-2025 00:36:05"
"D:\CT2\openapi\openapi.yaml","openapi.yaml","155","-a----","20-08-2025 00:41:22"
"D:\CT2\packages\config","config",,"d-----","20-08-2025 00:36:05"
"D:\CT2\packages\sdk","sdk",,"d-----","20-08-2025 00:36:05"
"D:\CT2\packages\types","types",,"d-----","20-08-2025 00:36:05"
"D:\CT2\packages\ui","ui",,"d-----","20-08-2025 00:36:05"
"D:\CT2\packages\utils","utils",,"d-----","20-08-2025 00:36:05"
"D:\CT2\scripts\dev.ps1","dev.ps1","214","-a----","20-08-2025 00:36:06"
"D:\CT2\scripts\scaffold-service.ps1","scaffold-service.ps1","713","-a----","20-08-2025 00:36:06"
"D:\CT2\tests\e2e","e2e",,"d-----","20-08-2025 00:36:05"
"D:\CT2\tests\e2e\playwright","playwright",,"d-----","20-08-2025 00:36:05"
"D:\CT2\tests\e2e\postman","postman",,"d-----","20-08-2025 00:36:05"
"D:\CT2\xbrl-mapping-service\src","src",,"d-----","22-08-2025 03:01:43"
"D:\CT2\xbrl-mapping-service\src.bak-20250822-030509","src.bak-20250822-030509",,"d-----","22-08-2025 03:05:09"
"D:\CT2\xbrl-mapping-service\src.bak-20250822-030526","src.bak-20250822-030526",,"d-----","22-08-2025 03:05:26"
"D:\CT2\xbrl-mapping-service\src.bak-20250822-030617","src.bak-20250822-030617",,"d-----","22-08-2025 03:06:17"
"D:\CT2\xbrl-mapping-service\Dockerfile","Dockerfile","517","-a----","22-08-2025 03:06:17"
"D:\CT2\xbrl-mapping-service\package.json","package.json","364","-a----","22-08-2025 04:16:10"
"D:\CT2\xbrl-mapping-service\tsconfig.json","tsconfig.json","268","-a----","22-08-2025 04:16:10"
"D:\CT2\xbrl-mapping-service\src\app.ts","app.ts","416","-a----","22-08-2025 03:06:17"
"D:\CT2\xbrl-mapping-service\src\server.ts","server.ts","210","-a----","22-08-2025 03:06:17"
"D:\CT2\xbrl-mapping-service\src.bak-20250822-030509\app.ts","app.ts","448","-a----","22-08-2025 03:01:43"
"D:\CT2\xbrl-mapping-service\src.bak-20250822-030509\server.ts","server.ts","210","-a----","22-08-2025 03:01:43"
"D:\CT2\xbrl-mapping-service\src.bak-20250822-030526\app.ts","app.ts","416","-a----","22-08-2025 03:05:09"
"D:\CT2\xbrl-mapping-service\src.bak-20250822-030526\server.ts","server.ts","210","-a----","22-08-2025 03:05:09"
"D:\CT2\xbrl-mapping-service\src.bak-20250822-030617\app.ts","app.ts","416","-a----","22-08-2025 03:05:26"
"D:\CT2\xbrl-mapping-service\src.bak-20250822-030617\server.ts","server.ts","210","-a----","22-08-2025 03:05:26"
"D:\CT2\_trees\apps_backend_tree.txt","apps_backend_tree.txt","34602","-a----","23-08-2025 01:03:11"
"D:\CT2\_trees\apps_frontend_tree.txt","apps_frontend_tree.txt","248","-a----","23-08-2025 01:03:11"
"D:\CT2\_trees\backend_tree.txt","backend_tree.txt","302","-a----","23-08-2025 00:50:34"
"D:\CT2\_trees\frontend_tree.txt","frontend_tree.txt","306","-a----","23-08-2025 00:50:34"
"D:\CT2\_trees\infra_docker_tree.txt","infra_docker_tree.txt","420","-a----","23-08-2025 01:03:11"
"D:\CT2\_trees\root_tree.txt","root_tree.txt","51650","-a----","23-08-2025 00:50:35"
